id,first_name,last_name,email,ip_address
1,Ozzie,Everington,oeverington0@marketwatch.com,50.218.126.57
2,Sharlene,Bearsmore,sbearsmore1@shinystat.com,117.146.130.90
3,Yolanda,Adamou,yadamou2@ow.ly,241.32.63.240
4,Myranda,Kloser,mkloser3@parallels.com,74.193.226.83
5,Winonah,Sandeford,wsandeford4@timesonline.co.uk,239.251.207.237
6,Ivory,Wingatt,iwingatt5@com.com,116.87.10.137
7,Egor,De Beauchamp,edebeauchamp6@wufoo.com,151.131.138.28
8,Jobie,Pashler,jpashler7@sun.com,188.154.228.79
9,Charity,Libby,clibby8@edublogs.org,47.216.160.225
10,Sadye,Poacher,spoacher9@nhs.uk,29.57.154.142
10,Sadye,Poacher,spoacher9@nhs.uk,29.57.154.142
11,Jaime,McGrill,jmcgrilla@virginia.edu,22.65.19.34
12,Perla,McKevany,pmckevanyb@yahoo.co.jp,182.44.72.83
13,Mickey,Domico,mdomicoc@stanford.edu,204.200.186.61
14,Brigid,Plaschke,bplaschked@yahoo.com,33.247.110.109
15,Vinita,Rapley,vrapleye@marriott.com,145.114.16.112
16,Gennifer,Coupar,gcouparf@gnu.org,250.228.216.206
17,Dorita,Wilbraham,dwilbrahamg@uol.com.br,103.54.57.216
18,Thaxter,Gunby,tgunbyh@skyrock.com,175.214.186.108
19,Iseabal,Cabble,icabblei@netvibes.com,111.74.212.26
20,Darcey,Bissex,dbissexj@blog.com,62.197.134.253
21,Jamaal,Lockie,jlockiek@army.mil,154.162.127.140
22,Dinny,Praten,dpratenl@sohu.com,14.31.138.167
23,Zared,Rushmere,zrushmerem@miitbeian.gov.cn,6.246.218.63
24,Hortense,Moret,hmoretn@canalblog.com,239.88.168.147
25,Tonnie,Lohoar,tlohoaro@stumbleupon.com,149.179.189.18
26,Nada,Biggam,nbiggamp@answers.com,201.21.163.40
27,Leigh,Dannohl,ldannohlq@typepad.com,13.200.87.82
28,Tynan,Durnall,tdurnallr@bizjournals.com,137.93.38.230
29,Kellen,Bridgnell,kbridgnells@hhs.gov,131.117.190.55
30,Hatty,Snazle,hsnazlet@patch.com,166.8.36.173
